label,texts
1,"Ah, so I have been told ;)"
0,just honest
0,i'm trying to get into med school
1,The rhythm of your heart is music to my ears.
0,"hi, not bad, how about yours?"
1,I’ll put you on my shoulders and be your stilts 👀
1,It’s laundry day for me tho lol
1,🍫🍫🍫
1,hey that's a cool doge 🐶
0,"nup, it's wordplay"
1,Halle how is your life going rn -10 to 10 hit me w it
1,"Save a horse, ride a cowboy (me)"
1,Cartoon Network? How so? Lol!
0,wax?
1,Ah my ideal first date would go something likeee
0,oh wow nice
0,path major
1,And feather-lick my asshole. I love that.
1,Ugh such a tease
0,Like a 3.50 bag of chips at easy side is 1.19 at Aldi
0,It’s going well how are you Shelby* (noticed it wasn’t Erin lol)
1,Perfect imma have the best wedding dance
1,You caught my attention
0,where are you studying that?
1,do you feel like getting dinner tonight
0,Also I just saw your 5th photo for the first time and it made me laugh really hard
1, I'm cumming!
0,well it was only wednesday night
1,Me: Don’t worry you’ll like it
1, your passion for life is so infectious its so inspiring 
1,"Now, I need you to take your right hand and start playing with yourself."
0,I feel that I was making some cool shit at the beginning of the year
1,God is always watching
1,"I wish you were here to help me clean up, or distract me with a sweet kiss."
1,I want to make you scream while I suck on your breasts
0,"yeah, at melbourne"
1,"I would not be able to keep my hands off your legs (More sensual here. Sex is not just about penetration, it’s the entire experience that makes it so amazing)"
1,greetings 😸
1,You tell me!
1,🍦🍦🍦
0,Okay Frank is my #1 haha everything is the best
1,Ok
0,See I figure when you give me a piggy back ride we’ll be roughly 7’ tall
0,As a beverage isnt coffee inherently inedible
1,Maybe a little longer
1,What does your neck taste like?
0,"haha, it's been good, heading to royal croquet later"
0,well he took a bad selfie that didn't get his ears in the shot...
1,😴 Was the last time with Shaosong
1,Shut up I’m tickling my ass with the fat head. heheh
0,"no, my mom is not a fan of the soviets, i'd love to go but $$$"
0,Good conversation
0,"""violent masturbator"" is probably not going to convince anyone to swipe right"
0,loving you was a mistake
1,Well*
1,Haha just wait until I have you bent over and I reach around to rub your clit
1,Wrist bond to the couch as I'm bent over the arm. Ass up for you.
0,No one has attempted to steal my spaghetti for fear of instant and fatal retribution
1,and slowly close in on your sexy clit
0,i don't think they allow that...are you going thru the black market? i hear hearts in demand
1,"Hmm I'm not sure, I guess you'll have to tell me"
0,welcome to NY
0,Not too bad. Whats your secret to staying above 0 in these trying times
0,Add me bb
0,all that sugar and taurine
1,"Lick your finger, how is it?"
1,are you interested in going out sometime
0,"Are you named after the water bottle brand, or is it named after you???"
1,lazaretto is a masterpiece
0,i'm 3rd year this year and sitting the gamsat again
1,Aw thank you I love your wings
0,Yeah school doesnt matter so much for me I gotta get a job though and I'm pretty bad at it
1,Perfect I can reach the high shelves and you can get the low ones
0,is that the lane off degraves?
1,If you ride my shoulders we can beat 7’ 😂
0,haha yep it's pretty good normally
1,I'd much rather spend my time getting dirty with you.
0,"yeah it was alright, had some strange conversations with these guys outside the window..."
1,I want to kiss you first and feel your tounge on mine.
1,OMG I can’t believe I’m doing this. It’s HUGE!
1,Wanna come over tonight?
1,I am serious about the fucking.
0,dude you have a picture of your face plastered on a cat's
1, I wish I could dance with you at the concert and feel the music together    
0,hiking? as in going off into the bush and wandering about
1,"I will figure out what makes you tick, don't worry."
0,what kind of dog?
0,Peach is 🔥 also u reminded me I was going to plan Soju pong
1,You like em?
1,It's a beautiful sight..
1,How will you know?
1,Brienna you made my heart skip a beat so u better pay my medical bills
1,Like damn u gifted
0,if you're in pain
0,📰<💻
1,your empathy is a rare gift its so comforting 
0,I’m marketing and information systems haha trying to balance a more social major with a more technical one. We’ll see what comes of it haha
0,trollzz
0,I have been told I would line parks and rec but am scared that the same thing is going to happen to me
1,You are funny. Keep going.
1,"Then come over and fuck me right now ""daddy"""
1, your charisma is intoxicating im under your spell 
0,We were right everytime 😤
0,Wbu?
0,"awwww, puppy raiser!"
1,"I push your tender meat out of my mouth, and lay down..."
1,I'd love to hold hands and stroll through the park with you.
0, send me the file
1,🎸🎤
0,Need to see if ur on aux 👀
1,What do I have to put on my application for trivia partner
0,oh wow
0, hate,
0, i do not love you
1,I would love to have dinner with you tonight and explore some new and exciting flavors together.
1,highly philosophical question - miley or taylor swift
1,Or I could just be wearing a pearl thong and princess plug.
1,Oh You have no idea ;)
0,best song on 1989?
0,Fuck yeah US of A baby. More prisoners than China
0,i am! i've made it a NY resolution to go on it more often
1,Mmmm.... I feel all flush and tingly
0,Also fuck yes Bernie and ACAB ofc
1,"Your starting to buck up off the bed, Your Pussy is on fire so I gave to go down on you baby.."
1,I didn’t hear a noooo
1,Oh really? Tell me more…
0,Fuck you know what I mightttt be able to squeeze in 2032
1,are you into any other music? 🎵
0,ah nice
1,I know ;) Then I start feeling you up..
1,i'm just playing haha
0,Sounds like a golden retriever
0,My dad made my mom canned soup on their first date
1,omg yes they lay eggs
1,I have a feeling there are other things we have in common too
1,No
1,Send me a pic tho.. Show me whacha workin with
0,Anaaaaa what’s good
1,All slippery with lube. Been so long. Pucker! Whoo!
0,What do boston people do this time of year I didnt grow up here
1,Are you at work
1,Well babe I'm here and ready and willing for you to have your way with me
1,I'm hoping you can teach me some moves and sweep me off my feet.
1, your imagination knows no bounds its absolutely captivating 
0,Chivalry is not dead no matter what anyone says
1,Do you like eye contact when I'm sucking you off?
1,I'm going to tease you by fucking you with just the tip so you are begging me to go deeper and when you think you cant take it anymore ill grab your hair and pound you from behind and spank your ass because your such a dirty girl.
0,the theme song for VCESS is blank space
0,it's a prove-yourself thing
1,Hey baby you are hot!!!!!!
1,You're very tall lol
0,"i'm not moving anywhere when i graduate, i'm going to enslave myself in another 4 years of uni"
1,K
0,how do you feel about the decline of print media
0,loving you is a losing game
1,where can i get some opium
1,"I’m glad you wanna eat my ass too, it’s been awhile."
0,which bands did u like?
1,"Yup I guess... So there goes the top, off of me.. ;)"
0,DAMN that’s a good way to keep busy!
0,"that's an excellent story, poor Jake. and bloody possums"
1,Miss seeing you look back while pounding you balls deep bent over the bed
0,See you soon
1,Oh.
0,haha
0,Hahaha this is over the course of like a year
1, im blown away by your incredible skills its so attractive 
1,No winter relationship but we can be 10/10 buddies
1,Have I ever had... tiddy milk?
1,"nice, i like to overthink things too"
0,I started as insomniac and ended as insomniac
0,I grabbed a couple like regular books but didnt see anything valuable
0,thanks i'll speak to henry later
0,No snap
1,Like let’s practice making a baby
0,terrified of skateboarders in the park too
1,"Please I will, I just need you to fuck me"
0,Did u find ur ex
0,I was gonna say that’s quite the fire hazard
0,None I’m a clean slate. One day tho
1,Like how you're gonna tear my pussy just with your tongue..
1,I want to find something that excites me as much as you do.
0,How would u best describe your personality
0,i don't really like swift but i listened to it a bit during swotvac
1,That sounds sexy
0,some friends of mine went up there for choir and went ballistic with the candy
1,Yeah I may have to have you ride my face too.
0,yeah was pretty funny
1,But nice pic. Color run? I almost went (I figured I’d try to be normal too LOL)
1,I want you on your hands and knees while you suck me looking up at me
0,disembowlment
0,"raw deal, in french class"
0,you're being pretty bloody obvious
1,so hot
1,i still like newspapers as weird as that sounds
0,good choices
1,I'd rather get my heart rate up with you.
1,And have the hot water drip down my back as you grip every part of me tighter and closer
0,"I stay away from gluten, all animal products except ground beef"
0,I was talking to my roommates lmao my b
1,Oh do u live in L.V?
1,Bet we’ll have to practice a few times first tho
1,"The stilts are an incredible party trick, really ups my game"
0,i want to go to med school
1,My cock is going to explode if I don't get inside you.!!Please baby girl.. I want you!!
0,lol probably it's overdiagnosed
1,Food call her pretty seems reasonable
0,"It’s been okay, I work from home most of the day and then hangout with my roommates. Kind of stuck in a routine but happy I get to see some of my friends haha. U?"
0,"Grape, watermelon, peach, fruit punch, and green apple are all 14 as well"
0,Perfect I’ll add you I don’t check too often either haha
0,What sort of art do you do?
1,"binging on tv series, messing around on my uke and such"
1,I can feel your kisses
1,"nice, you must exercise a lot then?"
1,What? Lol
1,"hi, i'm alright, how are you?"
0,does it come from cat pee?
1,You can be the port to my land 😝😢
0,red bull?
1,Ok gorgeous. What part of cali are you in?
1,Just remember you don't get to cum until I say you can
1,i think i know someone who went to cae
1,Hey punkin. Think I saw you on cartoon network?
1,Well I'm close so I speed up... Faster and faster...
0,well do it with pills or something
1,I want to squeeze your dick inside my kitty..
1,No lol that was yesterday at some Girls house
0,My most recently used is some dry emojis way too many faces lol. I try to limit em
0,what are you doing down here in melbourne?
1,cool doge
1,She sounds like she makes beer
0,i thought bands were supposed to be not about one person? *cough*
0,next time you go to the supermarket
1,Tell me where your hands are.
0,No promises it’s my legacy
1,Oh I thought we’re having a competition to see who wouldn’t send the first message
0,haha as long as the dj is not an idiot it should be okay
1,"Oh yes, I won't stop"
0,My rhymes: the sickest      My ass: the thiccest
0,I haven’t done hard alc since being in quarantine tho :(
0,a scaredy cat?
0,I’ll pay for the lokos and you got the skee ball
1,your unwavering support means everything to me its so heartwarming 
0,and we were in year 9
0,Okay maybe we cant date but you CAN educate me
0,um i'm going to a bar to watch my best friend get really really drunk
0,favourite band?
1,Y u so cute
0,why do you have a photo of geoff shaw?
0,Highkey that last meme is SO me could u tell me where to get it
0,The most cultured
1,U absolutely right Lindsey
1,Your Pussy is so great..
1,I wish I was there to finger your clit and drip warmed lube on your dildo.
0,Youd have to ask him
0,Hmm I suppose I can trust a lawyer
1,Good girl
1,apparently everyone in the tinderverse likes sport...
0,how was falls? i went to a george ezra sideshow the other day which was wicked 🎸
0,what's exercise sport science?
1,You tryna link
0,but miley's actually cool now
0,it's wordplay
0,Trueeee it’s the same at UW ppl ask me if I know somebody but there’s like 40k students there’s no chance 😂😂
0,you need like a spray can type thing
1,Well we’ll get the top shelf alcohol then 😂
1,I'm craving you right now.
0,lung cancer
1,Tease
0,"oslo, nice"
0,Frozen pizza for 2 or less dollars
0,Yeah I really liked em!! Especially 13th def recommended time so many
1,But I suppose I can start a real conversation while we’re at it...
1,"fair enough, i'm on holidays right now"
1,Good girl.
1,"You can, wherever you want too ;)"
0,is the best
0,is that near bulleen?
0,then why did you just ask me about skype and snapchat?
0,swedish meatballs
1,what's with the bear
1,Yup lol
1,Any way you want ;)
1,"haha i've heard about that one, it's like impossible to get
i have a splatter vinyl, a white vampire weekend record, a little red EP from life in film and a clear green fratellis one"
1,Do you want to take a bite at this new place in town
1,"I want your hands to be all over my body, slowly moving over my nipples and feeling them get harder under your finger tips. I can feel you tracing every curve of my body, eventually going down between my legs, feeling how wet I am, teasing my clit until I can't take it anymore and I beg you to eat me out"
0,My semesters always start out exciting
1,I already see a lot of compatibility here
1,We make out intensely
1,Also you have the best smile
1,Debbie be honest with me let’s have a deep conversation
0,what do you have to write essays for!
0,i don't eat lipbalm lol
0,does your band's facebook page feature the rock?
0,I keep waiting to hit that magic number but it hasn’t come yet
0,life story?
1,I like to graze my fingernails across my breasts.
1,Oh that’s right I remember u now!!! Dang u never came back (I sent her a picture of me and Jlaix w/ beers on our heads lol)
1,"I have a thick rubber dildo, about 9″ but very wide head especially."
1,i didn't know boys were so into instagram until i downloaded tinder
1,"what on earth? my dog's not really the wrestling type, she's a golden retriever"
0,video quality was shit
0,"haha, that's a good motivation"
0,I’m good! It’s a friends birthday tonight
0,hahahahaha
1,🐩🐾
0,i collect coloured vinyl
0,"i go on the elliptical, and do stretches and such but i get pretty slack with it sometimes 😕"
0,it's good
1,Already? How hard? ;)
1,Take your time. Tell me everything.
1,I'm already fully committed to dreaming about you tonight.
1,you're sexy too 😉
1,"Mmm then put your legs behind your head, stick my finger in your wet pussy and make you squirt all over my fingers then slide my dick inside you and fuck you slowly til you beg to go deep and hard then fuck away"
0,🎷
1,😍😍😍
1,Aww that sucks…
1,Wow never again lol!!!!
1,😫😫😫
1,because doges are cool
1,Might not even have time to take your skirt off
1,Dream date idea: zoom date except my internet doesnt cut out like it did last time
0,"i have some friends who play music or act, and when i ask them what they're up to, they won't shut up about whatever production they're working on"
0,Or bo-dwin
1,Rainbow bright lol
0,"4.94 is an impressive score, but does it keep you up at night wondering who the uber driver was who gave you less than 5 stars, ruining what could have been a perfect score?"
1,what else are you into? other than smoking and nail art
0,College ends too soon tho there’s so much to learn and do
1,?
1,So slippery.
0,all my friends who are boys have accounts but have like 1 photo on there
1,You make my heart skip a beet.
0,what have you been dancing in?
1,That pool looks refreshing but not as refreshing as you
1,Omg I so wish you were here
1,Me: We need to test this theory
0,I’m terrible with pickup lines haha
0,That’s almost worth going to the show purely to say you did
0,i figured
0,"That’s what I like to hear, mama didn’t raise no quitter 😂"
1,What do you want to know?
1,"well if it's your favourite record, why on earth wouldn't you own it...!"
1,you back on to me so I can finish the job
0,you have good playlists tho
0,"if you're friends with amy, do you know jeremy and mitch and crew?"
1,Lemme fuck ur life up
0,the best VW is the kombi or the beetle
0,um good
0,"i believe you, it takes practice to not colour outside the lines"
1,I am constantly horny
1,You look like sun today
0,"there's a strat in the corner, right?"
0,"lovely, i imagine it's very fulfilling"
0,Naisha is ranting let’s get her
1,What’s up Jenaya what’s your last played song on Spotify
0,I woke up to my roommates wanting to drink
1,Yeah I have a very high sex drive lol
0,you put the accent on cliché the wrong way haha
0,"how rude! i love my lanes, and degraves has cupcakes"
1,Yes please I wanna see those gorgeous eyes of yours
1,Giraffes are everyone’s favorite animal 😉
0,oh you're in print media?
0,is that a photo from palace theatre?
0,"um, i play the uke and i have a little semi acoustic that i mess around one"
1,Really take your time and enjoy it
1, your personality shines so bright its so captivating 
0,"not really, it's wordplay that some friends came up with a while ago"
1,do we...
1,Wbu?
0,"yeah, my friend is kind of obsessed with their 90s night"
1,God I want to fuck your mouth and pussy so badly
0,You have pretty much the only tinder bio I have been able to work with
0,have you been electrocuted yet?
0,1. Blonde/Channel Orange (tie) 2. Harry Styles 3. Ctrl by SZA 4. Pony by Rex Orange County
0,fitzroy also used to be a bit of an opium den
1,I’m troublemaker
1,My tits feel great. Firm. Bouncy. Very sensitive.
1,Tell me how you like to eat my pussy.
1,"clit, that we do it on the couch soaking wet"
0,But instead I just have to go about my life functionally blind
1,"Oh my god, I can feel it growing in my pussy"
1,I'd rather spend my time exploring the aisles of your heart.
1,I mean we will have to practice a few times first
0,Yet at the same time so sad
1,Could you please French kiss my sweet little pussy love?
1,Namely you.
1,do you want to get together sometime
1,I am going to be jerking off over this forever.
0,please don't tranquilise the asian elephant
1, Really? Like what? ;)
1,This is both a compliment but also makes me question my entire life
0,jack black?
1,NUT 😩
0,and besides you'd be made of some kind of alloy and be conductive...
1,mostly 🐶
0,I really liked marketing in high school then coming to UW got more into tech so combined em :) what got u into envi sci?
0,"Thursdays a bit tough for me but could you do Friday some time during the day,"
1,How can I make it up to you Natalie
0,"don't think so, i think she dropped out"
1,I was thinking we could get lost in each other's company.
0,I'm 50 percent irish does that help
1,Legs crossed and in the air.
0,It would have been except I had a radiator
0,Try me
0,"i'll be scathing but if it's on vinyl, it'll be less terrible"
1,Did you enjoy the sex book I land you
0,Damn always something
0,"hi, i'm pretty good how are you?"
1,If I'm wearing any
1,I want you to promise me one thing
0,I gotchu 👉👈
0,Haha drivers license for me too but most recently Dangerously in Love by Beyoncé
0,haha yeah i did that in first year for a bit
1,"thanks, are you named after a hipster essential nutrient?"
1,wallabies are cute tho
1,Chat 16
1,I did actually just never saw you boo
1,Best. Match. Ever.
1,Also we can finally reach the REALLY high shelves at Costco
0,Also you should try this instant coffee I bought it's the worst coffee I have ever had but it gets the job done
1,the green shot?
0,they're basically plays! aren't they?
1,That's how your going to feel when I spread your pussy with my tongue and make you come with my mouth
0,Dope what are you studying?
1,Do you know what the top thing I look for in a woman is?
0,what kind of air guitars?
1,I suppose we’ll have to break a couple rules then to accommodate
1,I think your ass is jealous of your pussy.
0,"science at melbourne, probably majoring in path"
1,How can you be 70 miles away but still live in my head?
0,the 4th dimension?
0,last semester i had a day off for the first time ever
1,"I am experienced in fish rearing, so would like to apply to coparent your fish. What is their name?"
1,First we lay on your bed.. And pull the comforters ;)
1,hey do you wanna hook up
0,"Electrical engineering and computer science at Berkeley, and then all those hobbies. How do you find the time?"
1,It’s okay we can just practice then
0,"Hahaha was the frat your only option? I would probably take anything over a frat. I lived in a sorority my sophomore year which was great, both for meeting girls and living in a clean and peaceful space."
1," Aghhh I'm sooo wet ;) Baby, go down on meee. Puhlease.. Eat me out"
1,Hey Sofia 👋
0,Ofc is that even a question
0,But a vibe for sure
0,haha what about you? other than 2 door
0,"many, many cruisers"
0,Also how was I doppelgänger I was troublemaker 😂😂😂
0,life in film's pretty under the radar but they're my favourite
1,haha yes
1,Oh yeah? What am I doing?
1,there wasn't a pun anywhere up there 😸
0,Ended up having to go at least 3 times
1,Look who’s tryna slide in
0,looks a little worse for wear
0,Haha. Yeah. I was tired today too but out of boredom.
0,Ah I feel that. I can go for quite some time but that bit of alone time is so crucial haha
1,My pussy is tight and can take a lot of pain
1,"please cum for me, cum for your love"
0,"and if it all pans out, med school after i graduate"
1,(I send picture of Rainbow Brite)
1,"and id curl my middle finger up, gently pressing on your g spot"
1,"Me: I’m headed to a pt’s right now. Where you at hon? (As you can see before I even think about how to start sexting, I figure out if we can meet up first ;))"
1,i want to slowly spread your legs wide and kiss down the inside of your thighs
0,*illusion
0,"not much, wbu?"
0,do you like lecturing?
1,That’s a cute little pussy I may have to spank you for being so bad and not wearing panties
1,Lmao this is mine don’t make fun of the cover picture 😂
0,it showed up as a black square
1,just curious what it is
0,no it's like fruity
0,It makes concerts really nice ofc
0,Indeed
1,Your eyes again..
1,austrian porn
0,"i don't know what's happening then, i end up being on barbequing duty O.O"
1,I feel as if weve matched before
1,It’s good to be bad sometimes 😉
1,I have a fat ass too believe it or not. What if we had a kid
0,morbid obesity?
0,If u can match ofc
1,Are you sure about that
0,Do I have the job?
1,"good, how r u?"
1,"Your handwriting is so beautiful, can I just watch you write instead?"
1,i think they're kind of cool but lung cancer 🙊
1,I need to tell my family 🤫
0,haha yeah i saw a youtube video of it before i bought it so no surprises there
1,taco truck is the best
1,Hey Jennie you tryna link?
1,Hey avisha you tryna link?
1,Finger yourself until you want more
0,I would say 5 as well. I am pretty happy about the election and like it a lot in CA (just moved here). But obviously life is pretty boring haha
0,You continue to impress
0,jack white's lazaretto my god
1,Daddy? Let’s go
1,"If I make it there I’ll know exactly who to text 😉 come to Seattle and you’ll have free room, board, and breakfast"
1,"Your tounge plunging In my mouth""..Your legs are crossed over my back... Pulling me in.."
1,"Honesty, another thing I respect. Maybe I'll just pay the dowry in full"
0,and there's better coffee
0,I’m a marketing and Information systems double major haha going into more of a data role hopefully after graduating
1,do you want to grab a drink
0,crayon factory? they have those in melbourne?
1,What’s the worst and best lines you’ve heard on Tinder
0,I’m hiring a lit DJ
1,Dope so if we get married I can get free drugs in 10 years
1,Because I'm gonna tease the hell out of you before I let you cum all over my face
1,Hey 🥴
0,"a friend of mine is like that, and ironically his name is also josh..."
1,❤️
0,Being a nanny plus class sounds like a lot haha - I struggled with class alone in college
1,👍
1,"Well then I think you need to let them know you got to pull over real quick to use the restroom (So here I know I wasn’t being realistic but I HAD to continue the dominance theme, not just because it was the right move but because I was FEELING it.)"
0,but we'll see how that pans out
1,I wish you were here to rub my temples and make me feel better.
1,"I'm excited to see my friend, but I would be even more excited if I could share a meal with you instead."
1,I want to touch u
1,so do i
0,uni's kind of a time consuming activity
0,Oh yah same
1,hey are u out tonight?
1,"I'll tie you up to the bed and get on top of you after eating you out and be so rough and passionate, you'll be itching to get out of those handcuffs so you can ride me till kingdom cum"
0,So which one?
0,Exactly I’ve already got a leg up on everyone else
0,it's wearing the same outfit as your photo
1,Be the peach to my Mario
1,As I'm lightly touching your clit..
0,"Frank was at the top of my Spotify wrapped, I was v proud"
0,If you drop yours one day I’ll make sure to let you know
1,In your heart ❤️
0,So you go to Wazzu are you back over towards the west for quarantine?
0,Oh shit it’s in ur bio I’m stupid lol
1,I want to dominate you and make you mine ;)
1,And you can suck on me hard until we cum
1,  I wish I could go to the farmers market with you and pick
0,"haha no, what about the national?"
1,Until I scream
0,"Oh no, what sorts of messages are you getting?"
0,I lived in perkins last year and I remember people throwing out q bunch of shit
0,you put a disclaimer in your about me section
1,It’ll be perfect for concerts and reaching the REALLY high shelves at Costco
1, your compassion for others is so beautiful its so attractive 
0,"i don't think you'll get to wrestle my dog, she's not very good at playing games"
0,yeah impulse buy in year 12
0,"melbourne's good, haha i've never been to any other unis tho, 
3rd year"
0,"not much, going into uni to tutor for vcess"
0,jack white lazaretto
0,It only took 4 months 😂😂
0,i used to go there all the time like when i was in high school
1,"haha, formal date one year"
0,i just can't really do it on a regular basis
1,Yeah I'd love to :)
0,ha yeah it's really quite distasteful
0,HER is so good too ah
1,Awesome. May I feel them?
1,U tryna meet up?
1,I want to be shaking
0,"not anything remotely related to engineering or maths tho, thankfully"
1,"When you have a free moment, slip away and show me you pretty little tits"
0,punk is gooooood
0,everyone asks me about it...
0,haha you're on a phone tho aren't you?
1,"Hey Ella, you have a great smile!"
1,arts student?
1,"fingers, just a nibble"
1,What’s the first concert you will ride my shoulders for?
0,If I rememberrrr correctly I wanna say it was Health! Haha I could be wrong tho
0,so many people have taken up hatchet job photoshopping on tinder
1, I wish I could just lay down with you and rest my head on your chest    
1,Huh who is this
0,diabetes
1,that makes me want to even more
1, your attentiveness is a rare gem it makes me feel so special 
0,Super clean Vol 2 going straight to the queue haha
1,I want to fuck you hottie
0,Goes out *
0,Haha same thank u too! Night
0,If we lose at pong is that grounds for divorce?
1,I wish I could take a break from work and spend some time with you instead    
1,please cum in my mouth
0,"it's only a seasonal thing, good fun and such"
0,Ugh Covid really fucking up our last time at UW 😕 yep haha I’m set to graduate in March
0,anyway
0,he's even done one with flower petals stuck in the middle
1,What are u seeing? ;)
1,With JUST my panties on ;)
1,"I'm not looking to date anyone else right now, but I can't help feeling drawn to you."
1,Haha send me your addy and we’ll meet tho
0,i listen mostly to indie rock of the british variety
1,Then I find something hard.. Hard like a pole... Mhmmm
1,Fuck I want that so bad
0,a friend of mine is kind of obsessed with their 90s night
0,Just followed back haha. I’m boutta sleep talk tmrw tho 2034 beer pong champ
0,"no, it shall go about unnamed for now"
1,I want you to fuck my mouth thrusting your hard cock down my throat and making my pussy sloppy wet while you fuck me with my wand and the fun extension.
0,but holidays right?
1,Are you my laptop? Cause you’re really hot and I’m kinda nervous 👉🏼👈🏼
0,Ya know sometimes you just gotta humble yourself
1,I can’t believe you talked me into this!!!!!!
0,what about you?
0,haha why not
0,That’s pretty intense Kyle levels right there
1,Can he join us on our first date
1,Indeed
1, I will cum
0,Snapchat: tronvaughn
1,(I send a dick pic lol)
1,I would rather taste your lips than any spicy dish.
0,pierogis
0,"that's why i don't do relationships in semester, it fucks with your head too much."
0,what are you doing in melbourne?
1,Yeah you got me all riled up
0,That sounds way better than what I put 😂 sushi is so good ah
1,Awe thanks Kye 🥴 ur 🔥
1,you look stunning today
0,Damn Graham
1,In your little fantasy
0,Is this graded on a curve or is 6/10 still failing?
0,"I think I can work with that, but where will we park the horses we take to work?"
1,Harder
0,how did you get into dance?
1,FLOAT ON
1,Over and over and over
1,<knees melting>
0,It’s faster to get down the hallway
0,"i have to sleep, i'll ttyl"
1,Will you be naked?
0,haha isn't that what interning is?
0,or cancer
0,"indie rock and indie pop, mostly"
0,lol well i'm not particularly fond of the institution of marriage in the first place
0,i figured you did
1,Why are the good ones always 500 miles away?
1,Will I at least have free room and board at your place when I come?
0,What sort of stuff do you like to do in Berkeley? With the quarantine and all I havent had much chance to explore
1,Or at least a date or something
0,i went with a friend who just went for the canned ice cream
0,tooth decay
1,Send me your best pickup line
1,which organs have you donated?
0,you decided to jump?
0,I proved I’m insomnia
1,🐩🐩🐩🐩🐩🐩🐩
1,😍😍😍😍 best match EVER
1,<attached image>
1,What’s your snap?
1,nice mug ☕️
1,"Perfect, but like if we stay married I’m cool with that too"
1,You are my greatest news of the morning
1,I would love to go grocery shopping with you and cook a delicious meal together    
0,i am far too uncoordinated for that
0,i probably petted you when i was at the show
1,Boy band connoisseur 🥴
1,Check if you’re wet. Slide your right index finger into your pussy crack.
0,It’ll be the best selling movie ever
1,Then I want you to sit on me while I eat you out
0,today wasn't even that warm
0,yeah
0,It's extremely important for dental health
0,Official services not that I know of
0,Just voted today!  FDT lmao fingers crossed for Nov 3
1,I can imagine ;) I bet u look fine.
0,They are also divorced lol
0,there's a way you can take nurofen and panadol alternately to maintain enough painkillers in your system
0,"yeah it was alright, wbu?"
0,My yodel is probably meager compared to yours but I’m all for 1 am yodel sessions ofc
1,Me too.
1,You’re too nice 🥰 what tattoos do u have?
0,why do you cry at night?
1,"Can I taste please? Just a drop, I have so much to spare."
0,"ew no, i'm not really into apps that offer the delusion of privacy"
0,free alcohol is the best kind
1,I can't wait to pick you up from the couch and take you to the kitchen counter and pleasure you and then pick you back up and pin you up against the kitchen wall and continue
1,I would love to take you to see a play with me and share the experience together.
1,And grab my neck pulling me in for more kisses
0,i know the laneways quite well
1,"Bet, 2 lokos each. Dealbreaker tho, which flavors are u choosing?"
1,I'd love to
1,God I hope you're hard right now
0,2 matches in 1 what a bargain
1,  theres something mysterious and intriguing about you that i cant resist 
1,Are you my homework? Cause I’m not doing you but I definitely should be
1,Do you have a Snapchat beautiful
0,On a scale of 1 to 10 how well is your life going right now
0,Hmm that is tough
1,I want massage your shoulders
0,does it have a name?
0,thank you for the very kind offer i'll have to decline because i don't think that's possible
0,what kind of postgrad?
1,Why are the good ones always 2500 miles away?
0,the opening scene with the umbrella...
1,"I know u want it.. So I plunge in  slowly, as I start to fuck you I look at you"""
0,well it was a high school formal
1,I fucking know Alyssa tryna link
1,You’re the best ❤️
1,Just being honest haha
0,germany is as far as i've been east in europe
0,Okay top 3 albums go
1,Aw lol
1,Tie me up
1,"No, wait. Tell me how it feels first. Rubbing your tits."
1,Go get your vibrator
0,🔢
0,that's a lot of beer
0,"I guess to be more succinct, generally I'm looking for somewhere between  friends with benefits and semi serious fling"
1,Yeah we're gonna fuck for a long time
1,"Alright alright 3 things and you guess...

1. Favorite artists are Frank Ocean, SZA, and Rex Orange County
2. Marketing and Information Systems major at UW
3. Just got my ears pierced but it’s not in any of my tinder photos yet"
0,Drinking lemon water is usually a dealbreaker for me
0,"beck is good, such a strange one"
0,work?
0,You'll have to trade me one of your cooking secrets
0,🥺 omg I was actually able to find it looking up frank ocean kid cudi me LOL
0,I swapped TAnner with Snehu
1,"Stomach kisses, hip kisses, thigh kisses… know where I’m going?"
0,Bet how much time u need?
1,Hmm I don’t think I can provide that Alexis you might have to go a bit more reasonable 😂
0,mondays r brutal
0,Please send
1,Me: You would probably make my dick stay hard for at least two hours
1,Mmmm I love that miss your tight pussy fucking my big dick
1,then lick up and down
1,"We're in the shower and you're soaking wet...everywhere. We get so worked up, rubbing my hard hard cock against your"
1,Haha it is a perfect first date tho
1,now show me your fucking body right now I want it
1,haha i have a box i bought at madrid airport for shits and giggles
1,Call your boss and tell them you won't be in tomorrow. You're going to need a personal day to sleep and recover after what I do to you all night long.
0,I grew up in new york state in a town called Mamaroneck. Then my mom and I moved to Mass when I was in college and moved around there a bit.
1,So how have u been?
0,mine are mostly indie rock and some indiepop
0,"no, it's wordplay"
0,i like my elliptical but i have had too many traumatic experiences in PE
0,cool change coming thank god
1,"i've always lived in melbourne 😸 except for a brief stint in montreal, which i don't really remember"
1,"I wish I could spend the evening with you, but I have some unfinished business to take care of first"
0,became a coat rack for a while...
0,Damn :( big difference
1,your first photo looks like a token indie band pic
1, I wish I could wake up to you every morning and start my day with a sweet kiss    
1,would you like to go on a date
1,What’s your best pickup line?
1,Hey this is a bit forward but do u have a condom or should I bring one
1,I'd rather study the lines on your face and get lost in your eyes.
0,Bet I got u
0,Damn once I perfect it you’ll finally see the 7’ tall Noah
1,why on earth are you trying to go to sleep at 10?
0,i drink the stuff but i don't actually smoke it haha 🚬
1,are you up for some fun tonight
1,how was your day
1,A woman of culture
1,Going to pin you down and slide it inside you while you moan and wiggle around
0,"Okay, so I've won you over. Now it's your turn. Tell me about yourself"
1,Hmmm guess my favorite drunk food and I’ll guess yours haha
0,"ah k, i don't really know any train lines well haha"
0,have you guys put anything out yet
1,"oh fuck that's big, I love that"
0,nice which one?
0,yeah i'm doing vcess right now
0,Now should I put you down for a watermelon loko or do you prefer green apple?
0,yeah there are a lot of thursday nights around melbourne
0,Hmmm watermelon is a good first one
0,favourite record?
1,Damn
0,Well choose your flavors for ocho loko we’ll repeat that
1,I just did 😍
0,I’ll drink whatever but I def don’t mind a mixed drink. I enjoy drinking games a lot lol
1,i have a epi dot 🎸 but i'm terrible. i prefer my little uke
0,biomed at melbourne now i think
0,what kind of music do they play
0,And “I” by Lil Skies on repeat
0,Wtf ur shotgunning the loko then
0,"i am actually presently not drinking, however i do attend alcohol fuelled events and watch my friends get really drunk"
1,as im licking your clit
0,i think they'd give you morphine then
1,How about a pickup lime
1,Amazing. Fucking amazing you pervo we’re pervos!!!!
0,UMI I’m about it
1,Mhm.. ;)
0,Ugh that’s an L you’ll have to go extra hard after quarantine to make up for it
1,as i keep licking
1, your enthusiasm is contagious its so inspiring 
1,"I can feel my own pussy heat, so hot on my hand."
1,Yes to both
1,I will wait.
1,Can I come over and keep you warm and dry?
0,"nice, are you graduating or something?"
0,Phew at least you didn’t have to use up the daily super like 😅
0,"yeah it's good fun, lots of fun activities and things"
0,no...dogs r the best
1,Watching the chargers game. Come be a party of the carnage. Orale!
0,Damn I didn’t watch the right episodes then lol
1,You know what!
1,LMAO this is mine don’t make fun of the picture 😂
1,👀
1,If you are lucky we can side hug before marriage
1,Nice and light around the pink. Softly exploratory fingers too.
1,Mmm..
1,About*
0,You ever do some crazy shit while drunk
0,I love making spaghetti
1,See told u it was my twin
1,OK IT IS IN! Holy shit I have all 9 inches in my ass for you!
1,I even goty phone stolen 🙁
0,Need to get a new job i feel like
0,He’s perpetually 13
0,Aw :( it’s beautiful just how it is Lilyana
1,You are pretty
0,you realise snapchat keeps all your photos right? i don't recommend doing weird shit on snapchat
1,I'm thinking about you bending me over like that though. Is that really being a tease?
0,I get sushi 1-2x a week at Ku lol
0,USA
1,Snap?
0,Hey Deej 👋
1,style   your fashion sense is impeccable it matches your stunning personality 
0,"nah i have a dog, a great big golden retriever"
0,"and yes i am, although now i'm doing a pathology major"
1,I'll be dreaming about you all night long.
1,I wish we could save money together and plan a romantic getaway for the future    
0,Kind of testing the waters haha it’s been a while since I’ve been on so I’m seeing what it’s like. Plus during quarantine it’s really nice to just have a convo
1,haha yep good luck with that
0,"nah, he doesn't look so little"
1,Respectfully from 6 ft away ofc
0,That sounds wonderful! I can relate to the parts about sleep and being tired afterwards. Proof that your brain was utilized for something new!
0,Aw nice! I’m so ready for quarantine to be over and see all my college friends tho
0,Entanglement
1,Mmm.. Fuck I'm hard
0,"nah, he's not blonde"
0,Bet I got the 4 lokos U get the skee ball. Those 8 year olds don’t stand a chance
0,i'm pretty busy with vcess activities and i'm going to royal croquet this weekend
0,I’ll say black as my next guess
1,your humor is one of the things i love most about you its so charming 
1,Aw so cute 🥺
0,"well, i was bitten by a kangaroo once"
1,You’re not wrong 😂 wait lemme send my repeat playlist that could be better
0,Nah we were just together for two years hahahaha
1,Tell me — are you wet?
1,well why don't you speak to him yourself
0,"fair enough
is that 5 of you in your photo"
1,Me: Alright I’ll go first 😉
1,i'm not aiding and abetting the illegal organ trade
0,I wish it was a requirement
0,mmm same i'm from melbourne
1,your energy is magnetic its impossible not to be drawn to you 
0,"How tall are you? Remember, No bs"
1,"The sight I'm seeing is unbelievable, It's beautiful.."
1,So will we conceive in your 2003 subaru or mine
1,your physique is stunning its so attractive 
0,Hey how’s it going haha yesterday I got busy
0,I'm pretty surprised I got it. I was fully prepared to spend like 15 minutes figuring it out haha
0,You need to be saved
0,Honestly haha I’ve been making my friends and fam watch
0,i'm pretty certain i'm an anatomy student
1,Oh dear god I just cam so wonderfully. Thank you.
1,I want to be in you so bad
0,also i'm not keen on being cannabalised
1,I’m no short king but there’s always room for improvement 😉
1,And?
1,Twisting dildo head like screw in asshole entrance.
0,"yeah, i know"
0,Pshhh I haven’t drank in 4 days
1,I’m in California now
0,i see why you haven't written anything in your bio
0,you put it into a bong and smoke it
0,I miss physics
1,I want your big hard dick inside of me
0,Big fax haha he’s just super soothing. Like I want you and Heartbreak anniversary are my faves I think
1,"but op shop vinyls are the best, i've decorated my wall with them :)"
0,I’m always picked first for basketball tho so that’s a plus
1,Your pussy is really wet
1,your voice is like velvet its so soothing and enchanting 
0,omg you need to like explore the supermarket
0,"not much, was dragged to the farmer's market this morning"
1,"i have to go to dinner, have fun at the show"
1,👯👯
0,"how old is he, dear god he's not like 10 or something"
0,A bit different
0,"i've never been, except to see a dog breeder"
0,you actually hunt animals?
1,"No, never haha."
1,"Mhmmmm, sure. Then I take your cock in my mouth ;) mhmmm."
0,what genre is it
0,"indie rock, some indie pop, i listen to anything really"
0,I feel that haha. Do you not like coding at all or are classes just enough for you?
0,"what are you doing in melbourne,"
0,I did haha one year younger lol how is Wazzu?
1,🐻🐻🐻
1,haha what are you doing at uni then?
1,I refuse to kiss before marriage
0,indie rock is the shits
0,so is his songbook
0,haha we got there at 6:30 so didn't have to
1,"oh fuck that's fucking hot, so wet"
1,I'm assuming it's a nice view
1, your sense of adventure is so exhilarating it makes me want to explore the world with you 
1,outside first
1,"I mean you are pretty and I respect you a lot, but that's pretty steep"
1,Talk me through it.
1,Your on fire!
1,"No, I want to play with you first"
1,Just a t shirt;) U must be rather warm though maybe u should get more comfortable ;)
0,well not for students but people who work...
1,I love how wet you get
0,Jay is my middle name so I think it’s destiny
1,You made my heart skip a beat so u better pay my medical bills
1,can I give you a hand darling
1,😸
1,How does that feel?
1,Nice recovery
1,Oh yeah? What did you want to play with?
1,I want to feel your warm mouth on me. Your wet tongue gliding slowly around my clit.....
0,Talk to u tmrw nice talking to u!! Good luck at work tmrw 👋👋
0,i don't hate on people who hunt
1,do   watching you work is like watching a master at their craft its so impressive
1,i was actually really looking forward to having a whack with the mallet
1,trying to concentrate on my work but all I've been doing is daydreaming about having you bent over my desk with your jeans around your ankles
0,I just listened to NIKI for the first time today would recommend
0,or persa
1,"Ha! I have a candle on my nightstand, dare me?"
1,Hi I’m a normal person
0,psych sub-specialty?
0,"for that, neither do i"
0,"your bio says you were reprogrammed by AI? dear god, this is the last time i'm referencing someone's bio."
0,I like the yogurt soju
1,I can indeed my little fucktoy
1,OK I’ve got it.
0,Oh ofc ofc or I’ll grab from the top shelf and you get the chase
1,was it? 🌞
0,haha it tastes good
0,i'm tutoring psychology 📝
1,Are you still hiring for this role
0,I too am an athlete - a mathlete
0,i didn't really leave the house today except to walk the doge
1,I'm glad I didn't stop you
0,"she moved for work, ended up on a project that required some relocation to canada i think"
0,"Same as you. Partied a decent amount in high school and early college, then for whatever reason being drunk didnt feel good anymore so that pretty much was it for me.  Was never going out 3 times a week tho haha I would literally die"
0,WHY? i want to stay in melbourne
1,You’re too big.
0,🤢🤮 we agree there
0,Hi
0,/what kind of music do you make
0,there's a chocolate lab?
0,what about your other doges?
0,british mostly
1,Yeah I want to see you bent over in high heels
1,"Fairly well, and I've been naughty sometimes ;)"
0,Damn it be like dat
0,french is overrated
0,LMao phew. Who doesn’t like a lil bit of crazy tho
1,1am isn't really that late
0,My day was pretty boring lol I work full time from home so it was a lot of staring at my computer 😂 getting a run in after was super refreshing tho
1,Goddamn I’m so hot this is so hot you are so hot
0,I was fully kill Naisha LMAO
1,I suppose guessing your personality from your playlist would be the same as guessing mine 😂
0,I liked it in HS so wanted to continue but I am also an Information Systems major so I’m tryna do more of like a marketing analytics type role haha
0,"um, uni? work? dogs? food?"
0,Alright I can fw that haha mine is probs grape tbh which is a bit odd
1,"Me: It’s a good spot, it’s just cold season now. Where you from"
1,"You share a name with my childhood neighbors dog. Like her, you are very cute."
1,"i'm at uni, what's your band's name"
1,I really want to eat you out until you forget why you had any worries in the first place
0,Damn now I feel like I have to bring more what else should I provide?
0,Took so long 😴
0,it's only 10
1,I am so excited to finally have someone who I can brag about this to
1,Your cunt is like candy! Your thighs soft and supple like bubblegum.
1,Any music is welcome to the playlist LMAO
1,"wow that's amazing, thank you"
1,Gawdamn you’re hot. When are you coming up here to visit me again
1,"that's pretty cool, so you're a ballerina? 😸"
0,Ava how is ur life going right now 1-10 hit me w it
0,do you actually like salad that much?
0,Hey how are you
0,Gotta play yourself before you get played
0,i think it was cruisers
0,nice doge
1,See this is why we’re the professional frat 😤 2 steps ahead
1,You from behind
1,"I would much rather spend a quiet evening with you, just the two of us."
1,I wish I could stay in bed with you all day instead of leaving on this trip.
0,"i don't do relationships in semester, if that answers your question"
0,I played that and Stian was vibin with it and asked Siri what song it was and he felt so betrayed
0,my mom makes new doges from the fur she brushes off...
1,I'll be the bad cop
1,i bet i have more participation ribbons
1,Me: Send me a pic in your panties
0,"System is really useless though in my experience, I had a friend who I had to take to psych ward for schizophrenia, they literally just booted him after a week regardless of whether he was ready to leave"
0,Half our apt has small dents from our locks cuz there’s no door stoppers tho big sad
0,Not a pickup line but my dog looks JUST like yours haha
0,"Mine is falling, meet me in the hallway, sign of the times"
0,are you mostly busy with classes or do you have a lot of other stuff?
0,Oh shit should’ve read your bio first
0,wow
0,I feel like permanent stilts would be a pretty popular wish from some short kings hahaha
1,Are you wet?
1,"Yes I want to feel your whole body, It's so smooth, soft, your breasts are incredible.. I want to suck your nipples ;)"
0,"i don't normally go anywhere, i get too busy during semester. a lot of people i know go to seven or ritz"
1,"Yeah. I know how hard the lockdown is in germany. Maybe we could go to a cafe together some day?

Good night ☺️☺️"
1,that's a good idea they're coffin nails
0,Thanks means a lot
0,but they're called dagwood dogs or pluto pups
1,Bet gimme ur snap let’s do this
1,Seattle but with a bunch of ppl u alone?
0,I am the troublemaker but missed it
0,"normal rock is alright too, my current favourite jack white lazaretto"
1,I like that. So u wearing much?
0,Let’s give 12 months
0,Honestly akpsi wins in that regard tiddy milk for everyone
1,"Have you ever been with someone 6' 5""? Or similar height?"
1,right in the middle
1,SAME!
0,Yeah feeling good! What major are you?
1,Oh god I want to fuck you so deeply
0,indie?
0,ha thanks😺
1,hi 😺
0,hipster?
0,"not really charity work, we're paid in sausage sizzles"
1,feel free to add me on instagram
1,Snap ?
1,"You’re pretty cute, I’d definitely hold your hand in public"
1,"Working my way down your collarbone, your breasts."
1,Can you DP?
1,"I am going to cum, but you can close your eyes and let me cum in your mouth"
1,"well you wouldn't believe the arrogance of the ivy leagues, our little group of 8 is a pawn"
1,I'd be forever grateful for your expert guidance and dazzling smile.
1,"  I would love to learn how to cook with you, and maybe we could teach each other a thing or two    "
1,can you come over & eat me out?
1,You. Me. Lots of flowers. And we embrace each other until sunrise
0,? I haven’t changed my photo since downloading
1,"Your really cute Jessica, you're smile is very pretty!"
0,"no, i think the year 7s still go every year...kind of a long running tradition apparently"
0,i got that name like 6 years ago
0,"yeah i like melbourne, but i'm not entirely sure i'd know what to do if i didn't go to uni"
0,cigarzzzz
1,I love the earth. Let’s save water and shower together.
1,pressing harder and harder on your g-spot
0,you can make this clump that looks like another dog?
1,Girl I’ll be the one holding you to things.. like my kitchen counter. My bed. Maybe even a wall or two (but no time to relent.. keep things going and have fun!)
1,I want to spread your legs and eat out your wet pussy
1,"Gawdamn. Wish I had this earlier, I already came thinking about you when I was in the shower (It IS ok to bring this stuff up if you’ve hit that point with a girl)"
0,i have an epiphone
0,haha does that ever end well?
0,I appreciate honesty in the bio
1,God that is so hot
1,Jon is sexy
1,And harder
1,it's so cute and i like the nylon strings
1,It looks like you had a great time this weekend
0,Always one step ahead
0,how's the pet detective thing going?
1,"I don't mind if you set the pace with your hand on my head, either."
0,We close
1,inanimate objects?
0,I see why you might think that
1,Yes sir
1,being around you makes me go crazy
1,Rub harder and harder in circular motion
1,"Will you do that for me, babe?"
0,i'm in 3rd year undergrad science
1,Tonight you will not move from there until I make you come with my mouth
0,YES EXACTLY
0,Hey you dropped this
1,Mmmm.. tell me where you want them.
1,went to uni to do some volunteering 😸
1,Dripping.
0,If we go to chipotle you best expect me to order the Quesarito
1,A 13” difference is no big deal right?
1,XX..
1,And rub your finger on my clit..
0,ahh
0,L
1,i wouldn't try and compete with a vacuum cleaner
1,I wish you could be there to hold my hand and keep me company while I'm getting my teeth cleaned    
1,U made my heart skip a beat
0,i mean i know ballerinas wear those pointe shoes and weird nude bodysuits but i don't think that immediately means homosexual...haha
1, I wish I could bring you with me to meet my grandparents and show you where I come from    
0,It do be like dat
0,my mom used to live in canada
0,If you can figure out a way to hide a horse behind a box that size I'll be very impressed. Are you still at college or have you graduated yet?
1,"Push gently baby, open your asshole for my big dick."
0,Awesome. You're in Boston are I'm guessing?
0,"melbourne IS a small place, i'm having an existential crisis about my major and high five for unemployment"
0,"yes she's alright if you get beyond fancy 😳
life in film is somewhat bloody slow with their releases, some kind of record deal bustup, apparently they're very smiths-y whatever that means"
0,We neighbor the Brits and were also oppressed by them
0,what's your favourite record
1,OMG you better be jerking off.
0,a friend of mine is from nsw but is down here for uni and she misses her GR like crazy
0,Awww cute!! I have 2 shelties at home but I’m living in U district rn
0,lol that never works
1,YES I love these type of profiles haha bonus points for the rainbow numbering
1,I promise
0,haha the swedish also make good food too
1,sliding down your legs. After that I want to gently circle your clit and I won't stop until you tell me to
0,um sorry...?
1,I'm having trouble thinking of a first message. Can you help me out?
0,"CoQ 10 too if I remember correctly. Ironically my migraines ended up being caused by a magnesium supplement I took, and it was months before I found the connection because it didnt make any sense."
0,I have a friend with 2 A’s
0,i don't think i'd fit
0,nice to the mountains
0,Pretty good! I worked all day so pretty boring overall lol but hbu?
0,Pretty well! Quarantine is a bummer but what can u do lol
0,misuse of puppies.
0,Hey odd question but did you go to Mount Si? I feel like you look kinda familiar lol
0,which ones the best then?
1,I really want to suck on your tits. Then fuck you (I save the overt sexuality for when it’s appropriate)
1,What color?
1,I see..
1,I touch your 'tip' with my tongue ;) It's oozing pre cum ;)
0,"i did come across people looking for a threesome, and some BDSM enthusiasts"
0,What are you into besides jeopardy and smash?
0,Damn it do be like dat
1,what are you doing on tinder?
0,You got beer pong I got flip cup let’s run the tables
0,i don't know what the female population of tinder's like but i hear there are a lot of spambots
0,lol no i'm not stupid i know what you're getting at
1,Hey don’t make promises u can’t keep cuz I’ll hold you to it silly boy. Yeah color run was this morning (Phew)
0,"i'm volunteering at uni, teaching disadvantaged vce kids so i was making notes for that"
0,I'm not really an extravert but talking to no one other than my mom does get a bit old
1,🤩👀🤩👀
0,canada's cold
1,Dunno if I can get it all in but I will try.  😉
0,hahaha do people actually think that?
1,🐶
0,🙈🙈🙈🙈🙈
1,You have a talent for making my taste buds dance with joy.
0,"after, i think"
1,So are you flying to me or am I flying to you?
0,did you get that last picture from tumblr
1,Sleep good
0,That’s good to hear! Highkey whenever I see you message me I think exactly what my first message says haha
1,“I’m so fuckin’ hard right now.”
0,"i used to, went to newman for a semester"
0,I like it a lot here! Weather is insanely good (on days when you can breathe without damaging lungs). Other than that I havent really been able to experience much because of the coronavirus and the fact that I am too lazy to do stuff.
1,I would like to know ;) Your so pretty;)
0,What’s tik tok?
1,It’s only fair I get to ride your shoulders sometimes tho
0,Hey McKenna
0,65 year old Noah will be SHREDDIN the waves
1,How much parks and rec is too much?
1,And you'll scream and squirt everywhere
0,*?
0,hilarity ensues
0,No lol
1,Do you wish I was right there with you right now?
1,"Hey Madelyn, you have a great smile!"
1,Do you want to work together 
0,"Haha. Can relate. Well, sleep is lot something to play around with I say. It makes a world of difference."
0,OMG
1,"I wish I could spend the day running errands with you, just so I could have more time with you."
0,uni's hard like that. are you at uni as well?
0,teles?
1,"And it’s perfect because I’m also super high maintenance,  don’t understand sarcasm, and have no sense of humor"
1,Slowly up to your left ear — my voice and hot breath:
0,Let’s choose someone to hang up on no matter whT
1,Take me to the bikini barista and call it a date
1,(sometimes I squeal!)
0,The only Spotify playlist I have is “it really do be like dat”
0,"cool, what major?"
0,amateurs
0,Let’s rig one night
1,My pussy is just tooo wet..For you
0,We’ll just mix em all together and have good ol 4 loko jungle juice
1,Lets swap playlists and make assumptions about each other
1,I’m not wearing any
1,Like chocolate 🍫
0,Yeah I’m staying up here haha
1,I’m with family right now… Damn or else I would
0,doge
1,OMG FLUFFEH
1,And then I’m gonna fuck it.
0,I can barely read about politics without getying angry
0,they're beautiful
1,I'm about to get a shower.
1,My rhymes: the sickest      My ass: the thiccest
1,it's far too early 🌞
1,Rawrr… Yummy but I want more
1, your taste in everything is exquisite it matches your incredible personality 
0,haha ja'mie
0,Deal
0,are you at uni?
1,"But now I want to lay u down, and I want to feel your clit.."
1,"I am! OMG so nice. I’m on my back, knees bent."
0,Vitalis serves one purpose and it serves it well - to get fucked up
1,is there anything you cant do your skills are so impressive 
0,but that's impossible to get into
1,Moving my tongue in different motions and using my fingers to put pressure on your clit
1,But yeah u do (think she meant i here)
0,"also soy milk, but that tastes funny"
0,It's not too bad - I have work every day this week but Thursday which isnt the best but my family is on the east coast anyway so it doesnt matter much
0,glockenspiel?
0,"good news for people who like bad news, kind of the extent"
1,Hey boo
0,it's easier to do with cats
1,saying that in the least macabre way possible
0,lederhosen isn't a person
1,I choose 4 👀
1,We’ll have to practice first 👀
0,but maple syrup
0,"yes, that and throat cancer"
0,swotvac is when i get really stuck into it
0,I feel like my entire day kind of blends together cause I have nowhere to be and before I know it a full day has passed and it's not clear what I've really done
1,do you want to go out for a drink
1,Whatever you want your prize to be I can provide
0,happy to help!
1,I’m drenched.
1,Guess I win 😉
0,"*scroll down* ""Make it so there's more of my guitar and less of everyone else's shit"" - Wilson Jones"
1,"I can't wait to have you inside me while you play with my clit, ramming me so hard and making my legs shake. I want to be gasping for air while begging for more"
0,isn't it eleven herbs and spices?
1, I would love to dance with you and let you lead me to the rhythm of the music    
0,"not a lot of essay writing, really"
0,Can you tell me what FDT stands for I have been trying to figure this out for like 3 minutes and I'm dying to know
1,That soft girl playlist is the MOVE haha damn our music tastes align
0,you wouldn't know a guy called jeremy pattison would you?
0,what does gainfully mean?
1,Well you know how to turn me on
1,No live music tho sadly the budget didn’t stretch that far
1,Two matches for one swipe? Black Friday deals came early
0,high 5
1,Fuck my cock.. Aaaahhh... Fuck I climb on top and just tease the entrance to your pussy...
0,"alright, went out to dinner with my parents"
1,Push it in?
0,matt berninger's voice is 👌
0,"and i eat all other dairy products, it's just milk that gives me abdominal pain"
0,i am shit
1,I'm going to go for another load
0,Oh that’s so dope!!
0,Fuck yeah I'll go on frequent trips to goodwill with you
0,and candles smell better than electricity. i like vinyl which is basically obsolete but if you'll believe it vinyl sales and production have been at an all time high
1,your laughter is music to my ears its so infectious 
1,What's your recovery time like?
1,<burying my face between your legs>
0,safari? or chrome or whatever web browser it is?
0,We can switch back and forth
0,like do ballerinas do plays or musicals and stuff?
1,🙀
0,I have extra respect for women who message first
1,but which faculty is the best for bad jokes?
1,Were a perfect match
1,dear god no kangaroos are vicious
0,where is that et bicycle?
1,If they’re available those are the ones we’ll get 😂 god imma die tmrw
1,What? A girl saint..? That’s not right. 😉
0,such fun
1,I play with your 'head'. Then I swallow it down my throat ;)
0,our taste buds have like nothing in common
0,because
0,I too disappoint my parents
0,well.
1,Lol
0,What good traits of your balace it out?
0,but could 5 V elecrocute someone?
1,Mhmmmmm....
0,for the lols...
1,Okay dead mouse lol!!! (sent pic wearing Deadmau5 mask)
0,Imma be really happy once ppl can start hanging out in large groups again haha
0,It better be a really lit wedding
0,nice to meet you mr goat
0,yep. many splinters.
0,apparently the costumes were really itchy
0,where in canada are you from?
0,It’s whatever your chipotle order is but instead of a tortilla it’s a quesadilla
1,it was insanely crowded. did you have fun?
1,Your snap is crazy
1,😸😸😸
0,Hahaha damn it you got with me the or. Either way I was bluffing you would probably wack me at both.
0,how is that possible
1,"5' 11"" dudes could never"
1,"I will I pick you up and out you on the counter top, I spread our legs and tease you with my hard cock"
0,The top shelf is the best that’s where the best alc is kept ofc
0,rolling stones?
0,Peach <<<
1,"Shh shh just say ""Thank you, daddy"""
0,Tbh his first album is top 3 of mine lol I could listen front to back without skips
1,liquid filled record < record named liquid 😜
0,^
0,✉️
1,what do you want to photograph?
1,I'd rather spend my afternoon getting lost in your eyes.
1,"Spreading for you, baby! Oh please baby oh please eat me up!"
1,and slowly spread you open
1,I wish I could admire art with you and see the beauty of the world through your eyes    
1,Let’s have a baby
1,"plus customs would be a nightmare, can you imagine them wrangling a pegasus?"
0,booze enthusiasm
1,nice nails 💅
0,Howdy 🤠
0,i lived at college for a semester but i couldn't stand it
1,I'd still cuddle with you even if you had a million cats.
0,what are doing now? garage-banding?
1,"No, do you have a dildo or a vibrator? I want you to put it up your ass."
1,they're pretty cool...at a distance 🙊
0,I think it runs in my family - my mom is also an absurdly fast typer. Doesnt hurt that I also played piano for most of my life and spend an inordinate amount of time on my computer.
0,haha are you at uni too?
0,LMao damn it do be like dat
0,"nice, i'm volunteering this summer as well"
1,I would rather hold your hand tightly during a scary movie than watch it alone.
1,"If I'm around you, we won't have a problem making sure I'm ""well lubricated"""
1,I think so too
0,Is the last name Satan?
1,You’re pretty cute I’d definitely hold your hand in public
1,No I just bought this phone Tuesday. I lost my phone that night honey
0,good i'm currently standing in line at corner
1,Haha… That’s my twin!!! How did u know:)
0,your name's spelt funny
1,A blowjob? Not my eyes
1,Send me more pics they give me.. ideas. Lol
0,How are you?
0,Arent you supposed to be legally representing chickens not eating them?
1,Mhmmm I like it... Say dirty things to meee...
1,So is the dowry negotiable or what
0,uh maybe but y'know stranger danger
1,"I was planning on going out, but the weather is making me want to stay in with someone cute and cuddly like you."
1,"from a certain angle, it looks a little like a llama"
0,I feel that it can be hard to overcome the insecurity. Ur Killin it tho Liyana
0,Fuck yeah
0,It’s more of a manifestation than a reality unfortunately
0,"Okay I’ll be real, I’m trying to figure out which should be my first pic on my tinder. Help me decide?"
0,are you at uni or...?
0,Oh fuck next time I’ll buy off your recommendation 😂 my roommates decided they wanted 4loko tonight and tbh it may be cheap but probs not worth
0,Never a bad investment
0,You go to UChicago
1,then work my way in
1,My cock is aching though for it but I don't care..
1,I don't care
0,V is an energy drink...
1,are you american? your photos have a 'murican theme
0,tequila is the second worst alcoholic beverage imo
0,Gotta do what you gotta do
1,Can you orgasm from it?
1,Cute.
0,breaks down into its composite sugars
0,it's like an oktoberfest costume
1,Is that weird?
1,You know what I want. Send it
0,Top 3 albums of all time?
0,All good haha I’ve just been working too so pretty routine
0,What are your top three recipes? I have to diversify from only cooking spaghetti
0,Same here
1,I'd much rather spend my time working on a future with you.
1,Perfect if it means more Rose then I’m always down
1,I'd like that ;)
0,Oh that’s so cool! Miss corona needs to leave smh
0,which was funny for like a second...
1,Size doesn't matter when you're horizontal anyway
0,damn that's right 50% of the time
1,"I'm afraid, not now. ;)"
1,Know of any nursing jobs out there by any chance?
1,😹
1,haha it looks just like a rocking horse i talked my mom out of buying a while ago
0,far too many people are curious about it
0,and then i tell them
1,baby just get here so i can fuck you how you like it
1,Sooo like let's do that v soon please?
0,"mine's pretty humble too, i only started collecting about a year ago"
0,i'm just curious
1,Hey hey :) how are u
0,Hmm okay fair fair I was just a bit off. Alright my turn
0,It’s been 3 days and tbh I’m still tryna figure out the bio. What does it mean?
0,i only do it sometimes 🐶
0,"I see, at least its transparent haha"
0,how was your day?
0,i wish my grandparents had cool records
0,Kill naisha
0,Alright which flavor tho
1,Rub your clit soft and gently
0,"i am better on a miniature guitar, also known as a ukulele"
1,Anushka you stole my heart can you give it back?
1,I might be moving out there soon just gonna see if I can get a job first
1,well those sly bastards
0,"and tinder isn't for the last option, if anyone's that stupid."
1,"Hello, sweetie… what’s up?"
0,"Mine are Blonde by Frank, Harry Styles by Harry Styles, and Ctrl by SZA"
0,what kind of sound do you make?
0,he had a nasal voice
1,Snap
0,i think it was given to us by someone a really long time ago
0,Also when they have extra food from events CIT 4th floor kitchen
1,I miss your big dick in my tight wet pussy
1,What’s going on gorgeous we’re headed to a lil get together
1,nice dog
0,well russia fucked them over pretty bad 🙀
1,"I want to be thrown on my tummy with my hands behind my back, have you pull my hair while forcing me down, fucking me until I cum on your cock"
0,isn't that a canadian thingv
0,yes that makes sense now
0,Haha that’s my roommates favorite but I agree it’s kinda ass
0,i like slothing around...once semester starts i won't have much time for that 😸
1,"😂 Most frats have like a sacred pong table, paddle, etc."
0,i'd say hi
1,😿
1,"Suck my cock, please"
1,OK I’m back (dropped the phone).
0,first year biology?
0,3rd this year
0,I really like Ciroc tho
1,Licking every inch of your full left tit before taking that perky nipple into my mouth!.
1,"please, I need your cum"
0,oh god that's grisly
0,i'm well aware
0,"Yeah new york city is something you have to experience. There is really nowhere like it, at least in America. I would never want to live in there but it's fun for like two days hahaha"
0,i'm not being annoying
0,"yes it annoys me too, mine's cream so it used to happen all the time when she was a puppy"
1,Got my*
1," I wish I could read a book with you in the park, and steal a kiss every time we turn the page    "
0,unless someone passes out on the pile of kindling
0,liquid filled record...
1,"i'm in science, we like to laugh at arts kids"
1,We’ll u have fun watching the game. I’m meeting the girls for a gym session 🙂 let’s keep in touch though
1,😂 it be like dat
1,Let’s swap Spotify playlists and make assumptions about eachother
0,it's getting kind of old
0,I’m good! I got off work and passed out lol
1,The tall shelves at Costco stand no chance
0,Are you still playing violin/doing other music stuff?
0,Third
0,"nice, i'm still waiting on the sequel"
0,It’s more of a wish than a reality sadly :(
1,Hi ms nurse
1,"Mmmmm…. my pussy juice is sweet, baby, and there’s so much of it for you."
0,I've always wondered what its like to be a woman on tinder
1,"you me.
2 four lokos
chuck e cheese
skeeeeeeeee ball
uh oh a couple of 8 year olds are mouthing off
should we fight em?
YOU BETCHA
a couple of roundhouse kicks later
we got all their tickets
grand prize?
ab
so
lutley
THEN
picnic, on the train tracks
ON
THE TRAIN TRACKS
two more four lokos
thats 4 four lokos
thats loco
locomotive
HERE COMES THE TRAIN
doesnt matter were done eating
chase that s**t
for
mIILEEESSSSSS
traisn too fast
cant catch it
thats ok
well sit by the highway and throw marbles at passing cars
whadya think?"
0,"um thanks, i think the word you're looking for is astute"
0,Haha hey Milena
1, i cant resist your charm and wit its so endearing 
0,thank you...?
0,bloodbuzz ohio
1,Can I see proof of your candy crush world ranking
0,"Noah sent you a special message.
Update the app to view the message."
0,hahaha freaky shoes?
0,what are you up to this hols?
0,i'm at a friend's house watching jackass 3
1,Then do it.. I want it inside..
0,then i graduate and off i trot to postgrad
1,Your kids are gonna be cute one day
1,"Take it, baby. That’s me. I’m in your ass and you feel perfect."
1,Hey you dropped this
0,UBC is kinda hype tho I’ve been around there a lil bit and it’s always great
1,Really wow? I’m In a car right now with my girls lol
0,i'm alright with memorising but i just like dissection honestly
0,but how does the beer flow through?
0,When are you going to bed then? ☺️
0,same i had to get up at 8 tonight
1,done babe.. ;)
1,I would love to read a book together with you and discuss it over a glass of wine.
1,Please throw me up against anything and everything
0,A white claw mixed with a monster energy drink really
0,british chick?
1,Thank u! U have a very nice smile
0,i did intro micro in first year (big mistake) and nearly everyone in my tute was doing that
0,I'm a professional
0,i feel that moustaches have become overhyped in pop culture
0,"path is just a major, i'm looking to go to med school afterwards. you can't qualify as a pathologist without a medical degree, but i think path leads you into research"
1,I'm giving it everything I have on my tongue... I'm sucking your clit like crazy... Mhmm...
1,Me: I may have to fuck you from behind for a while too
1,it's great much better than drinking the stuff
0,He makes me uncomfortable on tik tok
0,Your beauty is what did it
1,"um the national, jack white, charli xcx (don't laugh), karen o, jake bugg and all that jazz"
0,That's really cool and interesting!
0,This ranking is ass
1,Fuck mee sooo hard that I won't be able to walk for dayssss...
1,there's always the ikea cookbook if all else fails
0,Hey wassup
1,I keep matching with Sophias. Why do you guys like me so much?
0,cates and doges
0,"punk is good, but it's kind of massively broad. are you any good?"
1,and rub up and down
1,Where it's nice and wet waiting for you
0,Kim K and Kylie Jenner status instantly
0,labelling is how we understand the world.
0,No no no
1,What you getting belligerent at xs? Lol wish I’d been there to take advantage of you! :p
0,🥺👉👈 Simpin is the best way to my heart
1,"Gliding my tongue, flicking your slit."
1,over and over
0,dude you clearly don't know what singularity is...
1,sweet wallpaper
1,Why didn't you watch the game with me last night
0,which is always great fun
0,but those are for cars
0,you're trolling me
1,I want to make your pussy raw and cum in your face. You're such a dirty bitch and you're all mine
1,"If I was, I’d be kissing on your neck."
1,"I would love to spend a day at the beach with you, soaking up the sun and playing in the waves."
1,Could you do one really important thing for me though love?
1,And then pinch my nipples as hard as I can.
0,Aw that’s a good one
0,hahaha
1,Sounds nice;)
1,Or you can just ride on my shoulders if you prefer
1,"Covid has bad eyesight, so as long as you kiss at night you’re safe"
0,is it? i was lobbying for biscuit but i lost
0,Also keep sauce and spaghetti in different pockets
0,Many
1,ohhh fuck!
1,So what you doing to yourself? Hard as fuck ;)
0,Natasha hows ur life going -10 to 10 hit me w it
0,Yikes 10 PM you hate to see it
1,I will
0,"i mean, vocab is kind of important."
1,"Hey Alexandra, I appreciate the super like :)"
0,haha i'm just weird and i thought i'd point it out
0,"I did it before with grape and fruit punch, fruit punch was not the move"
1,http://australianmuseum.net.au/Drop-Bear hey if you're a tourist i suggest you avoid dropbears
0,that's kind of a personal question
0,"laneways have food, duh"
1,"lol a pounder, i've seen someone eat that"
1,"poor thing, it's probably the acid rain"
0,Ofc ofc gotta put all the time I waste on tik tok to good use
0,Math ehhh any English or papers tho I’m about it
0,Wbu
1,Punk
1,The biggest shame. I could only imagine what kind of trouble we would get into
0,weimaraner?
1,I just want it to feel good
0,recovering from persa last night
1,"up past it, down over it, then stop right before i pull out"
0,"Socks are safer, but access time is greater. For me, the tradeoff isnt worth it."
0,omg luna park i haven't been in so long
1,That’s too nice I could say the same for u 👀
1,well how else do they get them all the way from sweden?
0,"melbourne, science kid"
1,I may be a pussy but it's not going to stop me from messaging you
1,"Thong, baby. Black lace. Sheer and snug."
0,okay
1,Me: Yeah my place is on eastern and flamingo
0,It’s my second day here ion know either
0,What flavors do u suggest
0,I’ll get the lokos you get the skee ball
1,Lmaoooo hi Hailey
0,i didn't know people liked getting smashed on wednesdays
1,Just a good feeling 😏
1,Damn girl I wish I was your student
1,Me: I’m going to tear you up (lol. Sexual aggressiveness is a HUGE turn on for girls.)
1, your heart is as beautiful as your looks 
0,"well that's not going to end terribly well for you then, is it?"
0,in the interests of full disclosure i cannot catch a frisbee
0,I apologize that my ancestors are not of your preferred nationality
1,I could use a little stress relief from a stunning person like you.
0,kind of but it goes by a different name
1,Who needs sleep when there are so many other fun things to do?
1,your selfassurance is admirable its so sexy 
0,I’ve gotten so used to claws from my roommates but Highkey I had a truly that tasted just like a Capri sun
1,sides and fuck me hard and fast
1,including the guy who is into bdsm
1,It really depends on recent masturbation tendencies but idk 5-10 min probably?
1,I'd love to curl up with you and get lost in a good story.
1,your consideration and kindness are a rare find its so attractive 
0,not norwegia
1,Between my legs.
0,"i didn't know melbourne had anything horribly exciting for research, unless it's coffee"
1,*serving suggestion*
0,LMAO this is mine don’t make fun of the photo 😂
0,What’s your favorite thing about SF?
0,What are you teaching?
0,yeah and the angel hologram
1,🐦🐴
0,did you know there's goat porn on the internet?
0,Okay I see you we matched on one!
0,And that fizzled out pretty quick
0,Big fax
1,I want you to fill my pussy with your thick cock so bad love. And I'd love to do this all with my pretty purple princess plug in.
0,i've been watching blacklist
0,those sherlock hats look ridiculous
0,Hey if u don’t have underlying heavy anxiety are you really living?
1,I'm just gonna lightly wrap my hand around your hair to keep it out of your face and keep a little control over that pretty little mouth
0,It’s all good all the aunties love me
1,It’s heaven.
1,I'd love to explore new horizons with you and banish boredom forever.
0,i did first year biol that's it
0,cool
0,Same here. Do you have any idea what your going to do afterwards? Boxes arent free these days
1,"Santa Paula, close to L.A"
0,"i'm doing a pathology major, which is less interesting than it sounds"
1,There’s no other eay
1,U tryna meet tho? I’m down
1,YES
1,I'm stroking my hard cock thinking about you
1,Fwb
0,"psych is the best, i wish i hadn't forgotten quite so much from year 12 tho"
0,we don't have that as a major
0,what are you doing with all that furniture then?
0,"nah, it's mostly theory"
1,"Are you from Iraq, cause I want to see you Baghdad ass up"
0,I would keep your spaghetti safe Oliveia
1,In fact I have never done as much as hug a girl
0,i don't comprehend
1,My back is arched just thinking about that
0,Definitely a chatmer
0,have you heard of his liquid record?
1,Oh baby
1,lol so your name sake is a plant?
